{"cameraMode":{"drawMode":0,"name":"Shaded","section":"Shading Mode"},"sceneLighting":false,"audioPlay":false,"sceneViewState":{"m_AlwaysRefresh":false,"showFog":true,"showSkybox":false,"showFlares":true,"showImageEffects":true,"showParticleSystems":true,"showVisualEffectGraphs":true,"m_FxEnabled":true},"in2DMode":false,"pivot":{"x":-0.0000057220458984375,"y":-0.0000040531158447265628,"z":0.01991128921508789},"rotation":{"x":-0.3739287853240967,"y":0.40662044286727908,"z":-0.18716616928577424,"w":-0.8123325109481812},"size":8.02593994140625,"orthographic":true}