{"cameraMode":{"drawMode":0,"name":"Shaded","section":"Shading Mode"},"sceneLighting":false,"audioPlay":false,"sceneViewState":{"m_AlwaysRefresh":false,"showFog":true,"showSkybox":false,"showFlares":true,"showImageEffects":true,"showParticleSystems":true,"showVisualEffectGraphs":true,"m_FxEnabled":true},"in2DMode":false,"pivot":{"x":0.31766200065612795,"y":-6.675530910491943,"z":9.530385971069336},"rotation":{"x":-0.027701668441295625,"y":0.36417773365974429,"z":-0.010690231807529927,"w":-0.9309293031692505},"size":1.4948949813842774,"orthographic":true}