{"cameraMode":{"drawMode":0,"name":"Shaded","section":"Shading Mode"},"sceneLighting":false,"audioPlay":false,"sceneViewState":{"m_AlwaysRefresh":false,"showFog":true,"showSkybox":false,"showFlares":true,"showImageEffects":true,"showParticleSystems":true,"showVisualEffectGraphs":true,"m_FxEnabled":true},"in2DMode":false,"pivot":{"x":0.0014117956161499024,"y":-0.001411736011505127,"z":8.010101318359375},"rotation":{"x":-0.14534853398799897,"y":-0.8528956770896912,"z":0.32336077094078066,"w":-0.3833193778991699},"size":1.7324340343475342,"orthographic":true}